Runner,Speed,Etp
Surname1,3,E3
Surname2,4.47761194029851,E3
Surname2,4.47761194029851,E3
Surname3,5,E2
Surname4,5.88235294117647,E2
Surname5,5.71428571428571,E2
Surname6,27.7777777777778,E3
Surname7,4.61538461538461,E3
